<Cart_DT xmlns="http://siemens.com/ad/geb/cartmanagement/1.2" xmlns:i="http://www.w3.org/2001/XMLSchema-instance"><CreatorGID/><ID></ID><LastChangedGID/><SourceSystem></SourceSystem><Header><Language></Language><CustomerPONumberDublicated>false</CustomerPONumberDublicated><Notes><ExtendedProperties i:nil="true" xmlns:a="http://siemens.com/ad/geb/communication/1.0"/></Notes><Addresses><ExtendedProperties i:nil="true" xmlns:a="http://siemens.com/ad/geb/communication/1.0"/></Addresses><Pricing><CurrencyCode></CurrencyCode><Totals><CartTotal xmlns:a="http://siemens.com/ad/geb/pricing/1.2"><a:Value>0</a:Value><a:CurrencyCode></a:CurrencyCode><a:ShowPrice>true</a:ShowPrice></CartTotal><FreightFactorTotal xmlns:a="http://siemens.com/ad/geb/pricing/1.2"><a:Value>0</a:Value><a:CurrencyCode></a:CurrencyCode><a:ShowPrice>false</a:ShowPrice><a:ExtendedProperties xmlns:b="http://siemens.com/ad/geb/communication/1.0"></a:ExtendedProperties></FreightFactorTotal><MetalSurchargeTotals xmlns:a="http://siemens.com/ad/geb/pricing/1.2"/><ExtendedProperties i:nil="true" xmlns:a="http://siemens.com/ad/geb/communication/1.0"/></Totals><Surcharges xmlns:a="http://siemens.com/ad/geb/pricing/1.2"/><ExtendedProperties i:nil="true" xmlns:a="http://siemens.com/ad/geb/communication/1.0"/></Pricing><CompleteDelivery>false</CompleteDelivery><RequestedDeliveryDate>0001-01-01T00:00:00</RequestedDeliveryDate><ProjectNumber/><OrderType>220</OrderType><Shipping><DispatchMethod/></Shipping><IsExpressDelivery>false</IsExpressDelivery></Header><Items>
<LineItem><ID></ID><LineItemNo>16</LineItemNo><MLFB>6AV6355-1DA00-0BA0</MLFB><Quantity>2</Quantity><QuantityUnit/><CustomerArticleNo>S1</CustomerArticleNo><Notes><FTEXT>S1 WinCC OA - Server Basic SUS</FTEXT></Notes><Errors><Error><ErrorCode></ErrorCode></Error></Errors><ConfiguratorID>0</ConfiguratorID><ComparisonRequired>false</ComparisonRequired></LineItem>
<LineItem><ID></ID><LineItemNo>17</LineItemNo><MLFB>6AV6355-1DA00-0BC1</MLFB><Quantity>2</Quantity><QuantityUnit/><CustomerArticleNo>S1</CustomerArticleNo><Notes><FTEXT>S1 WinCC OA - 200k PowerTags SUS</FTEXT></Notes><Errors><Error><ErrorCode></ErrorCode></Error></Errors><ConfiguratorID>0</ConfiguratorID><ComparisonRequired>false</ComparisonRequired></LineItem>
<LineItem><ID></ID><LineItemNo>18</LineItemNo><MLFB>6AV6355-1DA00-0EF0</MLFB><Quantity>2</Quantity><QuantityUnit/><CustomerArticleNo>S1</CustomerArticleNo><Notes><FTEXT>S1 WinCC OA - Redundancy SUS</FTEXT></Notes><Errors><Error><ErrorCode></ErrorCode></Error></Errors><ConfiguratorID>0</ConfiguratorID><ComparisonRequired>false</ComparisonRequired></LineItem>
<LineItem><ID></ID><LineItemNo>19</LineItemNo><MLFB>6AV6355-1DA00-0CB0</MLFB><Quantity>8</Quantity><QuantityUnit/><CustomerArticleNo>S1</CustomerArticleNo><Notes><FTEXT>S1 WinCC OA - 1 Desktop UI REDU SUS</FTEXT></Notes><Errors><Error><ErrorCode></ErrorCode></Error></Errors><ConfiguratorID>0</ConfiguratorID><ComparisonRequired>false</ComparisonRequired></LineItem>
<LineItem><ID></ID><LineItemNo>20</LineItemNo><MLFB>6AV6355-1DA00-0CM0</MLFB><Quantity>2</Quantity><QuantityUnit/><CustomerArticleNo>S1</CustomerArticleNo><Notes><FTEXT>S1 WinCC OA - 1 Dashboard REDU SUS</FTEXT></Notes><Errors><Error><ErrorCode></ErrorCode></Error></Errors><ConfiguratorID>0</ConfiguratorID><ComparisonRequired>false</ComparisonRequired></LineItem>
<LineItem><ID></ID><LineItemNo>21</LineItemNo><MLFB>6AV6355-1DA00-0CK0</MLFB><Quantity>2</Quantity><QuantityUnit/><CustomerArticleNo>S1</CustomerArticleNo><Notes><FTEXT>S1 WinCC OA - 1 Mobile Dashboard REDU SUS</FTEXT></Notes><Errors><Error><ErrorCode></ErrorCode></Error></Errors><ConfiguratorID>0</ConfiguratorID><ComparisonRequired>false</ComparisonRequired></LineItem>
<LineItem><ID></ID><LineItemNo>22</LineItemNo><MLFB>6AV6355-1DA00-0CF0</MLFB><Quantity>2</Quantity><QuantityUnit/><CustomerArticleNo>S1</CustomerArticleNo><Notes><FTEXT>S1 WinCC OA - 1 Mobile UI REDU SUS</FTEXT></Notes><Errors><Error><ErrorCode></ErrorCode></Error></Errors><ConfiguratorID>0</ConfiguratorID><ComparisonRequired>false</ComparisonRequired></LineItem>
<LineItem><ID></ID><LineItemNo>23</LineItemNo><MLFB>6AV6355-1DA00-0CH1</MLFB><Quantity>2</Quantity><QuantityUnit/><CustomerArticleNo>S1</CustomerArticleNo><Notes><FTEXT>S1 WinCC OA - Para Standard REDU SUS</FTEXT></Notes><Errors><Error><ErrorCode></ErrorCode></Error></Errors><ConfiguratorID>0</ConfiguratorID><ComparisonRequired>false</ComparisonRequired></LineItem>
<LineItem><ID></ID><LineItemNo>24</LineItemNo><MLFB>6AV6355-1DA00-0DC1</MLFB><Quantity>2</Quantity><QuantityUnit/><CustomerArticleNo>S1</CustomerArticleNo><Notes><FTEXT>S1 WinCC OA - Driver IEC 104 SUS</FTEXT></Notes><Errors><Error><ErrorCode></ErrorCode></Error></Errors><ConfiguratorID>0</ConfiguratorID><ComparisonRequired>false</ComparisonRequired></LineItem>
<LineItem><ID></ID><LineItemNo>25</LineItemNo><MLFB>6AV6355-1DA00-0DK2</MLFB><Quantity>2</Quantity><QuantityUnit/><CustomerArticleNo>S1</CustomerArticleNo><Notes><FTEXT>S1 WinCC OA - Driver MQTT Client SUS</FTEXT></Notes><Errors><Error><ErrorCode></ErrorCode></Error></Errors><ConfiguratorID>0</ConfiguratorID><ComparisonRequired>false</ComparisonRequired></LineItem>
<LineItem><ID></ID><LineItemNo>26</LineItemNo><MLFB>6AV6355-1DA00-0EK0</MLFB><Quantity>2</Quantity><QuantityUnit/><CustomerArticleNo>S1</CustomerArticleNo><Notes><FTEXT>S1 WinCC OA - OPC UA Server SUS</FTEXT></Notes><Errors><Error><ErrorCode></ErrorCode></Error></Errors><ConfiguratorID>0</ConfiguratorID><ComparisonRequired>false</ComparisonRequired></LineItem>
<LineItem><ID></ID><LineItemNo>27</LineItemNo><MLFB>6AV6355-1DA00-0EM5</MLFB><Quantity>2</Quantity><QuantityUnit/><CustomerArticleNo>S1</CustomerArticleNo><Notes><FTEXT>S1 WinCC OA - Report 1 REDU SUS</FTEXT></Notes><Errors><Error><ErrorCode></ErrorCode></Error></Errors><ConfiguratorID>0</ConfiguratorID><ComparisonRequired>false</ComparisonRequired></LineItem>
<LineItem><ID></ID><LineItemNo>28</LineItemNo><MLFB>6AV6355-1DA00-0CH2</MLFB><Quantity>1</Quantity><QuantityUnit/><CustomerArticleNo>S2</CustomerArticleNo><Notes><FTEXT>S2 WinCC OA - Para Remote SUS</FTEXT></Notes><Errors><Error><ErrorCode></ErrorCode></Error></Errors><ConfiguratorID>0</ConfiguratorID><ComparisonRequired>false</ComparisonRequired></LineItem></Items><LastValidationTime>0001-01-01T00:00:00</LastValidationTime><Errors/><Status>Active</Status><LastChanged>0001-01-01T00:00:00</LastChanged></Cart_DT>