<Cart_DT xmlns="http://siemens.com/ad/geb/cartmanagement/1.2" xmlns:i="http://www.w3.org/2001/XMLSchema-instance"><CreatorGID/><ID></ID><LastChangedGID/><SourceSystem></SourceSystem><Header><Language></Language><CustomerPONumberDublicated>false</CustomerPONumberDublicated><Notes><ExtendedProperties i:nil="true" xmlns:a="http://siemens.com/ad/geb/communication/1.0"/></Notes><Addresses><ExtendedProperties i:nil="true" xmlns:a="http://siemens.com/ad/geb/communication/1.0"/></Addresses><Pricing><CurrencyCode></CurrencyCode><Totals><CartTotal xmlns:a="http://siemens.com/ad/geb/pricing/1.2"><a:Value>0</a:Value><a:CurrencyCode></a:CurrencyCode><a:ShowPrice>true</a:ShowPrice></CartTotal><FreightFactorTotal xmlns:a="http://siemens.com/ad/geb/pricing/1.2"><a:Value>0</a:Value><a:CurrencyCode></a:CurrencyCode><a:ShowPrice>false</a:ShowPrice><a:ExtendedProperties xmlns:b="http://siemens.com/ad/geb/communication/1.0"></a:ExtendedProperties></FreightFactorTotal><MetalSurchargeTotals xmlns:a="http://siemens.com/ad/geb/pricing/1.2"/><ExtendedProperties i:nil="true" xmlns:a="http://siemens.com/ad/geb/communication/1.0"/></Totals><Surcharges xmlns:a="http://siemens.com/ad/geb/pricing/1.2"/><ExtendedProperties i:nil="true" xmlns:a="http://siemens.com/ad/geb/communication/1.0"/></Pricing><CompleteDelivery>false</CompleteDelivery><RequestedDeliveryDate>0001-01-01T00:00:00</RequestedDeliveryDate><ProjectNumber/><OrderType>220</OrderType><Shipping><DispatchMethod/></Shipping><IsExpressDelivery>false</IsExpressDelivery></Header><Items>
<LineItem><ID></ID><LineItemNo>1</LineItemNo><MLFB>6AV6355-4BA00-0AB1</MLFB><Quantity>2</Quantity><QuantityUnit/><CustomerArticleNo>S1</CustomerArticleNo><Notes><FTEXT>S1 WinCC OA - Dongle Micro</FTEXT></Notes><Errors><Error><ErrorCode></ErrorCode></Error></Errors><ConfiguratorID>0</ConfiguratorID><ComparisonRequired>false</ComparisonRequired></LineItem>
<LineItem><ID></ID><LineItemNo>2</LineItemNo><MLFB>6AV6355-1AA47-7BA0</MLFB><Quantity>2</Quantity><QuantityUnit/><CustomerArticleNo>S1</CustomerArticleNo><Notes><FTEXT>S1 WinCC OA - Server Basic</FTEXT></Notes><Errors><Error><ErrorCode></ErrorCode></Error></Errors><ConfiguratorID>0</ConfiguratorID><ComparisonRequired>false</ComparisonRequired></LineItem>
<LineItem><ID></ID><LineItemNo>3</LineItemNo><MLFB>6AV6355-1AA47-7BC1</MLFB><Quantity>2</Quantity><QuantityUnit/><CustomerArticleNo>S1</CustomerArticleNo><Notes><FTEXT>S1 WinCC OA - 200k PowerTags</FTEXT></Notes><Errors><Error><ErrorCode></ErrorCode></Error></Errors><ConfiguratorID>0</ConfiguratorID><ComparisonRequired>false</ComparisonRequired></LineItem>
<LineItem><ID></ID><LineItemNo>4</LineItemNo><MLFB>6AV6355-1AA47-7EF0</MLFB><Quantity>2</Quantity><QuantityUnit/><CustomerArticleNo>S1</CustomerArticleNo><Notes><FTEXT>S1 WinCC OA - Redundancy</FTEXT></Notes><Errors><Error><ErrorCode></ErrorCode></Error></Errors><ConfiguratorID>0</ConfiguratorID><ComparisonRequired>false</ComparisonRequired></LineItem>
<LineItem><ID></ID><LineItemNo>5</LineItemNo><MLFB>6AV6355-1AA47-7CB0</MLFB><Quantity>8</Quantity><QuantityUnit/><CustomerArticleNo>S1</CustomerArticleNo><Notes><FTEXT>S1 WinCC OA - 1 Desktop UI REDU</FTEXT></Notes><Errors><Error><ErrorCode></ErrorCode></Error></Errors><ConfiguratorID>0</ConfiguratorID><ComparisonRequired>false</ComparisonRequired></LineItem>
<LineItem><ID></ID><LineItemNo>6</LineItemNo><MLFB>6AV6355-1AA47-7CM0</MLFB><Quantity>2</Quantity><QuantityUnit/><CustomerArticleNo>S1</CustomerArticleNo><Notes><FTEXT>S1 WinCC OA - 1 Dashboard REDU</FTEXT></Notes><Errors><Error><ErrorCode></ErrorCode></Error></Errors><ConfiguratorID>0</ConfiguratorID><ComparisonRequired>false</ComparisonRequired></LineItem>
<LineItem><ID></ID><LineItemNo>7</LineItemNo><MLFB>6AV6355-1AA47-7CK0</MLFB><Quantity>2</Quantity><QuantityUnit/><CustomerArticleNo>S1</CustomerArticleNo><Notes><FTEXT>S1 WinCC OA - 1 Mobile Dashboard REDU</FTEXT></Notes><Errors><Error><ErrorCode></ErrorCode></Error></Errors><ConfiguratorID>0</ConfiguratorID><ComparisonRequired>false</ComparisonRequired></LineItem>
<LineItem><ID></ID><LineItemNo>8</LineItemNo><MLFB>6AV6355-1AA47-7CF0</MLFB><Quantity>2</Quantity><QuantityUnit/><CustomerArticleNo>S1</CustomerArticleNo><Notes><FTEXT>S1 WinCC OA - 1 Mobile UI REDU</FTEXT></Notes><Errors><Error><ErrorCode></ErrorCode></Error></Errors><ConfiguratorID>0</ConfiguratorID><ComparisonRequired>false</ComparisonRequired></LineItem>
<LineItem><ID></ID><LineItemNo>9</LineItemNo><MLFB>6AV6355-1AA47-7CH1</MLFB><Quantity>2</Quantity><QuantityUnit/><CustomerArticleNo>S1</CustomerArticleNo><Notes><FTEXT>S1 WinCC OA - Para Standard REDU</FTEXT></Notes><Errors><Error><ErrorCode></ErrorCode></Error></Errors><ConfiguratorID>0</ConfiguratorID><ComparisonRequired>false</ComparisonRequired></LineItem>
<LineItem><ID></ID><LineItemNo>10</LineItemNo><MLFB>6AV6355-1AA47-7DC1</MLFB><Quantity>2</Quantity><QuantityUnit/><CustomerArticleNo>S1</CustomerArticleNo><Notes><FTEXT>S1 WinCC OA - Driver IEC 104</FTEXT></Notes><Errors><Error><ErrorCode></ErrorCode></Error></Errors><ConfiguratorID>0</ConfiguratorID><ComparisonRequired>false</ComparisonRequired></LineItem>
<LineItem><ID></ID><LineItemNo>11</LineItemNo><MLFB>6AV6355-1AA47-7DK2</MLFB><Quantity>2</Quantity><QuantityUnit/><CustomerArticleNo>S1</CustomerArticleNo><Notes><FTEXT>S1 WinCC OA - Driver MQTT Client</FTEXT></Notes><Errors><Error><ErrorCode></ErrorCode></Error></Errors><ConfiguratorID>0</ConfiguratorID><ComparisonRequired>false</ComparisonRequired></LineItem>
<LineItem><ID></ID><LineItemNo>12</LineItemNo><MLFB>6AV6355-1AA47-7EK0</MLFB><Quantity>2</Quantity><QuantityUnit/><CustomerArticleNo>S1</CustomerArticleNo><Notes><FTEXT>S1 WinCC OA - OPC UA Server</FTEXT></Notes><Errors><Error><ErrorCode></ErrorCode></Error></Errors><ConfiguratorID>0</ConfiguratorID><ComparisonRequired>false</ComparisonRequired></LineItem>
<LineItem><ID></ID><LineItemNo>13</LineItemNo><MLFB>6AV6355-1AA47-7EM5</MLFB><Quantity>2</Quantity><QuantityUnit/><CustomerArticleNo>S1</CustomerArticleNo><Notes><FTEXT>S1 WinCC OA - Report 1 REDU</FTEXT></Notes><Errors><Error><ErrorCode></ErrorCode></Error></Errors><ConfiguratorID>0</ConfiguratorID><ComparisonRequired>false</ComparisonRequired></LineItem>
<LineItem><ID></ID><LineItemNo>14</LineItemNo><MLFB>6AV6355-4BA00-0AB1</MLFB><Quantity>1</Quantity><QuantityUnit/><CustomerArticleNo>S2</CustomerArticleNo><Notes><FTEXT>S2 WinCC OA - Dongle Micro</FTEXT></Notes><Errors><Error><ErrorCode></ErrorCode></Error></Errors><ConfiguratorID>0</ConfiguratorID><ComparisonRequired>false</ComparisonRequired></LineItem>
<LineItem><ID></ID><LineItemNo>15</LineItemNo><MLFB>6AV6355-1AA47-7CH2</MLFB><Quantity>1</Quantity><QuantityUnit/><CustomerArticleNo>S2</CustomerArticleNo><Notes><FTEXT>S2 WinCC OA - Para Remote</FTEXT></Notes><Errors><Error><ErrorCode></ErrorCode></Error></Errors><ConfiguratorID>0</ConfiguratorID><ComparisonRequired>false</ComparisonRequired></LineItem></Items><LastValidationTime>0001-01-01T00:00:00</LastValidationTime><Errors/><Status>Active</Status><LastChanged>0001-01-01T00:00:00</LastChanged></Cart_DT>